Datetime,Water Level (m)
2026-01-10 00:00:00,0.6215802
2026-01-10 01:00:00,0.78889227
2026-01-10 02:00:00,0.72263044
2026-01-10 03:00:00,0.43088737
2026-01-10 04:00:00,0.057735305
2026-01-10 05:00:00,-0.33350256
2026-01-10 06:00:00,-0.7272127
2026-01-10 07:00:00,-1.1033105
2026-01-10 08:00:00,-1.3646826
2026-01-10 09:00:00,-1.2010128
2026-01-10 10:00:00,-0.7079731
2026-01-10 11:00:00,-0.14775799
2026-01-10 12:00:00,0.36172315
2026-01-10 13:00:00,0.7284684
2026-01-10 14:00:00,0.8835704
2026-01-10 15:00:00,0.76193136
2026-01-10 16:00:00,0.44607675
2026-01-10 17:00:00,0.06679524
2026-01-10 18:00:00,-0.31264877
2026-01-10 19:00:00,-0.6797795
2026-01-10 20:00:00,-0.9745516
2026-01-10 21:00:00,-1.0532869
2026-01-10 22:00:00,-0.7369601
2026-01-10 23:00:00,-0.28026265
2026-01-11 00:00:00,0.1593396
2026-01-11 01:00:00,0.4876035
2026-01-11 02:00:00,0.63913786
2026-01-11 03:00:00,0.53626245
2026-01-11 04:00:00,0.23858793
2026-01-11 05:00:00,-0.1122652
2026-01-11 06:00:00,-0.48282728
2026-01-11 07:00:00,-0.8410917
2026-01-11 08:00:00,-1.1687347
2026-01-11 09:00:00,-1.326459
2026-01-11 10:00:00,-1.0944573
2026-01-11 11:00:00,-0.64438385
2026-01-11 12:00:00,-0.13858959
2026-01-11 13:00:00,0.32568717
2026-01-11 14:00:00,0.6622841
2026-01-11 15:00:00,0.80945414
2026-01-11 16:00:00,0.698649
2026-01-11 17:00:00,0.40179816
2026-01-11 18:00:00,0.0430625
2026-01-11 19:00:00,-0.31480673
2026-01-11 20:00:00,-0.65055126
2026-01-11 21:00:00,-0.927508
2026-01-11 22:00:00,-1.0194459
2026-01-11 23:00:00,-0.8038076
2026-01-12 00:00:00,-0.45479485
2026-01-12 01:00:00,-0.110245906
2026-01-12 02:00:00,0.15955713
2026-01-12 03:00:00,0.28452316
2026-01-12 04:00:00,0.21059644
2026-01-12 05:00:00,-0.020122979
2026-01-12 06:00:00,-0.31769192
2026-01-12 07:00:00,-0.6278129
2026-01-12 08:00:00,-0.9431427
2026-01-12 09:00:00,-1.2157537
2026-01-12 10:00:00,-1.3005834
2026-01-12 11:00:00,-1.0562687
2026-01-12 12:00:00,-0.63384074
2026-01-12 13:00:00,-0.16437675
2026-01-12 14:00:00,0.26961243
2026-01-12 15:00:00,0.58892584
2026-01-12 16:00:00,0.74302447
2026-01-12 17:00:00,0.6632319
2026-01-12 18:00:00,0.3985796
2026-01-12 19:00:00,0.061660346
2026-01-12 20:00:00,-0.27948466
2026-01-12 21:00:00,-0.6015123
2026-01-12 22:00:00,-0.8883084
2026-01-12 23:00:00,-1.0482754
2026-01-13 00:00:00,-0.9604444
2026-01-13 01:00:00,-0.6807501
2026-01-13 02:00:00,-0.35199094
2026-01-13 03:00:00,-0.07046202
2026-01-13 04:00:00,0.117650814
2026-01-13 05:00:00,0.16827385
2026-01-13 06:00:00,0.041342534
2026-01-13 07:00:00,-0.20264524
2026-01-13 08:00:00,-0.48971674
2026-01-13 09:00:00,-0.7813174
2026-01-13 10:00:00,-1.044441
2026-01-13 11:00:00,-1.1901039
2026-01-13 12:00:00,-1.0348624
2026-01-13 13:00:00,-0.6577865
2026-01-13 14:00:00,-0.20147607
2026-01-13 15:00:00,0.2357979
2026-01-13 16:00:00,0.5747152
2026-01-13 17:00:00,0.76659346
2026-01-13 18:00:00,0.7461581
2026-01-13 19:00:00,0.52129906
2026-01-13 20:00:00,0.19150494
2026-01-13 21:00:00,-0.15526606
2026-01-13 22:00:00,-0.49784657
2026-01-13 23:00:00,-0.8066977
2026-01-14 00:00:00,-1.0405943
2026-01-14 01:00:00,-1.0796072
2026-01-14 02:00:00,-0.84290713
2026-01-14 03:00:00,-0.5027219
2026-01-14 04:00:00,-0.16131404
2026-01-14 05:00:00,0.10641495
2026-01-14 06:00:00,0.24103886
2026-01-14 07:00:00,0.18447918
2026-01-14 08:00:00,-0.039411824
2026-01-14 09:00:00,-0.33484346
2026-01-14 10:00:00,-0.64217013
2026-01-14 11:00:00,-0.9359055
2026-01-14 12:00:00,-1.1412523
2026-01-14 13:00:00,-1.0529797
2026-01-14 14:00:00,-0.68022734
2026-01-14 15:00:00,-0.20270619
2026-01-14 16:00:00,0.2639765
2026-01-14 17:00:00,0.63509053
2026-01-14 18:00:00,0.8620971
2026-01-14 19:00:00,0.8702721
2026-01-14 20:00:00,0.64529794
2026-01-14 21:00:00,0.29075405
2026-01-14 22:00:00,-0.08703847
2026-01-14 23:00:00,-0.4682272
2026-01-15 00:00:00,-0.8187235
2026-01-15 01:00:00,-1.1122386
2026-01-15 02:00:00,-1.2087288
2026-01-15 03:00:00,-0.9598695
2026-01-15 04:00:00,-0.54875803
2026-01-15 05:00:00,-0.15819164
2026-01-15 06:00:00,0.16149814
2026-01-15 07:00:00,0.33478564
2026-01-15 08:00:00,0.2909097
2026-01-15 09:00:00,0.04112112
2026-01-15 10:00:00,-0.28513896
2026-01-15 11:00:00,-0.6220032
2026-01-15 12:00:00,-0.9544214
2026-01-15 13:00:00,-1.2029707
2026-01-15 14:00:00,-1.1160238
2026-01-15 15:00:00,-0.6858498
2026-01-15 16:00:00,-0.15236731
2026-01-15 17:00:00,0.35651943
2026-01-15 18:00:00,0.7533456
2026-01-15 19:00:00,0.98400253
2026-01-15 20:00:00,0.9545105
2026-01-15 21:00:00,0.67052925
2026-01-15 22:00:00,0.26959625
2026-01-15 23:00:00,-0.14162026
2026-01-16 00:00:00,-0.56074506
